{"cameraMode":{"drawMode":0,"name":"Shaded","section":"Shading Mode"},"sceneLighting":false,"audioPlay":false,"sceneViewState":{"showFog":true,"showMaterialUpdate":false,"showSkybox":false,"showFlares":true,"showImageEffects":true,"showParticleSystems":true},"in2DMode":false,"pivot":{"x":0.0005418371874839068,"y":-0.07752908021211624,"z":-0.23020309209823609},"rotation":{"x":-0.49413278698921206,"y":0.29623475670814516,"z":-0.183794766664505,"w":-0.7964296340942383},"size":2.7479584217071535,"orthographic":false}