{"cameraMode":{"drawMode":0,"name":"Shaded","section":"Shading Mode"},"sceneLighting":true,"audioPlay":false,"sceneViewState":{"showFog":true,"showMaterialUpdate":false,"showSkybox":false,"showFlares":true,"showImageEffects":true,"showParticleSystems":true},"in2DMode":false,"pivot":{"x":0.9830503463745117,"y":-8.256166458129883,"z":-13.515213012695313},"rotation":{"x":0.09244099259376526,"y":0.9053834080696106,"z":-0.3241537809371948,"w":0.25819283723831179},"size":30.352384567260743,"orthographic":false}